日期,收盘,开盘,高,低,交易量,涨跌幅
2019年10月14日,14.35,14.26,14.43,14.15,9.9313,-0.14%
2019年12月24日,18.44,18.44,18.57,18.34,9.829,0.11%
2019年7月5日,16.74,16.52,16.8,16.4,9.5643,0.66%
2019年6月19日,15.19,15.23,15.34,14.95,9.5503,0.20%
2018年5月4日,9.99,10.18,10.28,9.86,9.5454,-0.89%
2019年10月15日,14.51,14.44,14.63,14.36,9.4039,1.11%
2018年4月5日,10.98,11,11.05,10.75,8.933,0.09%
2018年5月7日,10,10.01,10.14,9.86,8.7776,0.10%
2018年4月23日,11.19,11.29,11.46,11.05,8.6778,0.00%
2018年5月3日,10.08,10.19,10.46,10,8.4418,-1.75%
2018年4月13日,11.4,11.6,11.69,11.32,8.0395,-1.89%
2018年5月8日,10.27,10.05,10.49,9.95,7.3415,2.70%
2019年10月22日,14.56,14.86,14.9,14.56,7.0321,-2.02%
2018年4月6日,10.94,10.95,11.03,10.85,6.8472,-0.36%
2018年4月17日,11.32,11.35,11.4,11.16,6.3505,-0.09%
2018年4月20日,11.19,11.25,11.31,11.06,6.2565,-1.41%
2018年4月18日,11.35,11.44,11.5,11.29,5.8236,0.27%
2018年5月1日,10.58,10.84,11.04,10.41,5.8101,-3.11%
2018年4月16日,11.33,11.41,11.5,11.33,5.6204,-0.61%
2018年5月2日,10.26,10.52,10.64,10.21,5.5873,-3.02%
2018年4月27日,10.61,11,11.1,10.61,4.9507,-3.55%
2018年4月19日,11.35,11.4,11.49,11.28,4.3305,0.00%
2018年4月26日,11,11.06,11.19,10.85,3.4344,0.92%
2020年7月6日,44.14,51.05,51.12,43.41,222.5,-8.39%
2019年4月3日,18.08,18.27,18.6,17.98,216.6,0.17%
2018年6月14日,20.5,20.69,22.7,19.6,195.4,2.14%
2018年11月21日,15.14,13.79,16.13,13.75,194.6,11.32%
2018年8月28日,13.08,12.85,13.75,12.64,194.4,13.44%
2020年5月29日,32.43,30.86,32.77,30.44,191.6,5.50%
2018年10月3日,14.37,15.15,15.5,14.03,180.3,7.96%
2019年2月28日,18.98,20.9,21.5,18.54,174.7,-4.43%
2019年5月14日,15.39,16.69,16.7,14.82,167.4,-5.06%
2018年5月24日,13.85,14.35,15.49,13.45,166,11.33%
2020年6月19日,44.72,44.19,45.95,43.65,151.5,4.95%
2020年5月19日,35.22,33.06,36.22,31.4,151.2,4.63%
2018年6月15日,19.65,20.57,21.35,18.82,140.6,-4.15%
2018年12月21日,13.3,15.18,15.5,13.16,138.8,-9.09%
2020年3月18日,21.01,21.59,23.89,19.25,138.6,-13.72%
2018年6月21日,16.44,18.5,18.54,16,132,-11.33%
2020年1月2日,20.95,19.47,21.89,19.3,126.7,12.51%
2018年11月1日,14.19,13.85,15.16,13.03,123.4,5.11%
2018年6月11日,18.42,19.01,19.35,17.36,119.9,-2.80%
2018年7月12日,14.26,13.2,14.4,12.95,118,11.58%
2019年4月4日,17.23,18.03,18.19,16.92,116.6,-4.70%
2020年2月6日,26.34,23.66,26.72,23.16,116.4,13.24%
2020年1月3日,22.08,20.55,22.59,20.53,115.3,5.39%
2020年2月18日,27.13,29,29,26.65,114.5,-5.44%
2020年2月26日,27.57,27.6,29.28,27.07,112.8,3.18%
2020年5月20日,32.7,35.86,36.38,32.23,112,-7.16%
2020年1月10日,21.55,22.57,22.59,20.83,110.3,-6.95%
2018年7月19日,13.92,14.43,15.08,13.8,108,-3.53%
2018年8月15日,10.27,9.9,10.3,9.09,107.4,-3.66%
2018年6月19日,19.18,20.8,21.25,19.08,107.2,-9.87%
2020年1月6日,23.21,21.46,23.45,21.41,107,5.12%
2018年6月8日,18.95,16.1,19.35,15.85,105.4,16.83%
2019年3月4日,18.82,17.63,19,17.57,103.9,4.67%
2020年4月9日,26.83,27.85,29.74,26.3,103.3,2.40%
2018年7月18日,14.43,13.95,14.99,13.9,102.7,5.41%
2018年6月13日,20.07,18.78,20.24,18.5,101.8,7.56%
2018年6月18日,21.28,19.35,21.66,18.95,101.6,8.30%
2018年5月31日,16.23,17.13,17.71,15,101.4,-2.64%
2020年7月14日,43.98,43.78,44.12,41.31,100,-2.94%
2019年3月1日,17.98,19.11,19.2,17.92,98.2,-5.27%
2018年6月27日,13.9,16.21,16.3,13.89,95.8,-12.30%
2018年7月13日,13.8,14.5,14.69,13.5,95.2,-3.23%
2018年8月27日,11.53,11.45,11.77,10.96,94.9,5.68%
2018年8月29日,13.76,13,14.23,12.18,94.3,5.20%
2020年4月23日,28.01,29.96,30.01,27.5,94.2,-7.25%
2018年9月12日,13.03,12,13.68,11.89,94.2,10.05%
2020年5月18日,33.66,32,34.1,31.89,93.4,9.00%
2020年2月11日,26.55,25.76,27.55,25.76,93.4,4.28%
2020年7月7日,46.23,45.09,46.56,43.5,93,4.73%
2018年7月25日,13.36,13.77,13.95,13.13,92.8,-4.02%
2018年7月9日,13.85,13.66,14.08,13.29,92.6,4.14%
2019年4月2日,18.05,18.39,18.59,17.99,91,-3.99%
2019年11月19日,15.73,16.6,16.65,15.18,90.8,-3.97%
2020年7月16日,42.54,40.44,42.78,40.4,90.5,-1.57%
2018年10月31日,13.5,13.63,14.5,13.28,89.7,3.05%
2020年2月25日,26.72,27.6,27.98,26.58,89.5,-0.74%
2019年4月15日,17.18,18.08,18.15,16.88,88.6,-6.22%
2018年6月25日,15.36,15.67,16.19,14.8,88.1,-7.75%
2018年8月30日,13.14,13.4,13.7,12.25,87.7,-4.51%
2018年6月22日,16.65,16.52,16.88,15.38,87.2,1.28%
2019年2月25日,20.26,20.5,21,19.56,86.9,4.00%
2020年2月28日,25.68,25.5,26.15,24.56,86.2,-3.57%
2018年7月16日,13.8,13.72,14.25,13.28,85.4,0.00%
2020年2月10日,25.46,25.89,26.17,24.83,84.8,1.88%
2020年1月9日,23.16,24.29,24.47,22.87,84.3,-2.85%
2020年5月28日,30.74,31.34,33,30.55,83.5,-4.83%
2020年6月22日,42.89,45,45,41.64,82.3,-4.09%
2018年6月20日,18.54,20.04,20.29,18.5,82.3,-3.34%
2020年3月12日,23.8,23.98,24.25,22.84,81.1,-7.28%
2020年2月12日,27.53,27.55,28.16,27.06,79.6,3.69%
2019年8月26日,14.5,15.12,15.15,14,79.5,-1.36%
2019年1月9日,15.75,14.04,16.37,14.01,79.5,6.56%
2019年9月5日,14.59,14,14.65,14,79.3,5.95%
2019年4月5日,18.02,17.39,18.25,17.24,79.1,4.59%
2020年1月8日,23.84,22.92,23.91,22.19,78.9,3.07%
2020年2月7日,24.99,26.02,26.22,24.52,77.1,-5.13%
2019年2月22日,19.48,18.45,19.55,18.42,76.4,7.39%
2020年7月21日,44.16,43.8,45.33,43.72,75.7,4.20%
2020年6月15日,38.21,35.06,38.53,35.02,75.7,6.52%
2020年5月21日,33.93,32.03,34.01,31.88,75.6,3.76%
2020年3月24日,22.2,21.33,22.81,21.2,75.6,9.58%
2018年12月20日,14.63,15.18,15.23,14.05,75.1,0.55%
2018年7月11日,12.78,12.96,13.53,12.76,74.4,-3.62%
2020年1月7日,23.13,23.17,23.2,22.42,74.3,-0.34%
2020年7月9日,48.23,49.29,49.5,46.71,73.7,3.34%
2020年5月1日,25.14,26.58,26.85,25,73.5,-8.21%
2019年4月12日,18.32,17.82,18.52,17.68,73.1,4.87%
2018年6月12日,18.66,18.62,19.1,17.6,73.1,1.30%
2018年7月2日,13.36,13.24,13.64,12.97,72.4,-4.50%
2020年3月17日,24.35,23.05,24.76,21.3,72,9.88%
2019年8月5日,13.81,14.2,14.29,13.61,71.9,-6.18%
2018年6月28日,14.5,13.5,14.9,13.31,71.8,4.32%
2018年6月26日,15.85,15.95,16.53,15.51,71.6,3.19%
2020年7月8日,46.67,47.77,48.34,45.12,71.5,0.95%
2020年1月13日,21.99,22.35,22.83,21.85,71.2,2.04%
2020年6月18日,42.61,41.79,42.78,40.7,70.9,3.65%
2020年3月19日,20.84,21.28,21.95,20,70.2,-0.81%
2018年7月26日,12.77,12.8,13.15,12.66,69.9,-4.42%
2019年2月14日,18.92,18.82,19.2,18.38,69.1,3.96%
2018年10月4日,13.55,14.14,14.44,12.88,68.9,-5.71%
2018年7月17日,13.69,13.42,14.15,13.1,68.6,-0.80%
2020年7月13日,45.31,48.29,49.35,45,68.5,-4.71%
2020年5月13日,30.68,29.94,31.11,29.82,68.4,4.92%
2020年2月3日,23.04,21.55,23.3,21.51,68.1,6.91%
2020年1月21日,22.61,22.51,23.25,22.14,68.1,-0.83%
2018年7月10日,13.26,13.47,13.97,13.13,67.8,-4.26%
2020年4月14日,27.48,27,27.87,26.79,67.5,4.85%
2020年2月24日,26.92,25.7,27.14,25.28,67.2,0.15%
2018年7月30日,11.59,11.3,12,11.05,66.9,-4.45%
2018年5月30日,16.67,15.2,16.88,15.19,66.4,10.91%
2018年7月5日,12.9,14,14.1,12.88,66.2,-6.52%
2020年3月6日,26.68,27.25,27.87,25.93,66,-5.09%
2020年1月17日,22.8,23.11,23.16,22.41,65.9,-0.74%
2018年11月29日,14.93,15.93,15.95,14.64,65.9,-7.50%
2018年7月27日,12.13,13.1,13.1,12,65.7,-5.01%
2020年3月13日,23.37,25,25.4,22.23,65.6,-1.81%
2019年2月15日,17.74,18.5,18.51,17.72,65.2,-6.24%
2018年8月2日,11.51,11,11.52,10.7,64.9,1.59%
2020年4月24日,27.74,27.99,27.99,27.32,64.7,-0.96%
2020年3月2日,27.23,26.48,27.25,25.86,64.4,6.04%
2018年9月13日,13.35,13.46,14.12,13.16,64.3,2.46%
2020年6月16日,39.34,39.67,39.95,38.33,64,2.96%
2020年6月17日,41.11,39.34,41.99,39.09,63.7,4.50%
2020年2月13日,27.76,27.44,28.54,27.36,63.7,0.84%
2018年7月20日,14.41,13.96,14.71,13.82,63.7,3.52%
2019年1月29日,17.84,17.99,18.38,17.67,63.4,-0.78%
2020年3月25日,22.87,22.6,23.97,22.5,63,3.02%
2019年3月29日,18.95,18.41,18.97,17.83,62.7,4.70%
2020年3月9日,25.12,24.76,25.98,23.7,62.5,-5.85%
2020年5月27日,32.3,34.07,34.07,30.92,62.2,-2.51%
2018年5月23日,12.44,13.07,13.38,12.3,62.2,-5.33%
2018年7月24日,13.92,14.4,14.77,13.65,62.1,-1.83%
2019年6月5日,13.99,14.42,14.45,13.48,61.6,-0.85%
2019年5月9日,17.14,16.71,17.17,16.19,61,0.00%
2018年6月29日,13.99,14.9,14.9,13.82,60.3,-3.52%
2019年8月27日,13.92,14.31,14.9,13.85,60.2,-4.00%
2018年7月6日,13.3,12.51,13.37,12.5,60.2,3.10%
2020年2月27日,26.63,27,27.29,25.75,59.9,-3.41%
2019年1月10日,16.26,15.4,16.6,15.3,59.7,3.24%
2020年3月20日,20.19,21.8,21.93,20,59.6,-3.12%
2019年2月27日,19.86,19.99,20.05,19.43,59.6,0.66%
2020年6月30日,46.32,45.3,47.92,45.3,59.5,1.80%
2019年4月1日,18.8,19.24,19.3,18.16,59.4,-0.79%
2020年6月5日,34.5,33.9,34.54,33.11,59.2,2.80%
2020年6月2日,34.19,33.43,34.2,32.44,59,3.42%
2020年2月21日,26.88,27.99,27.99,26.72,59,-3.79%
2018年11月20日,13.6,13.05,13.9,12.85,58.7,4.37%
2020年4月7日,26.49,26.11,26.9,25.54,58.6,3.64%
2020年3月5日,28.11,27.11,28.27,27.07,58.4,2.03%
2018年9月24日,12,11.7,12.23,11.28,58.4,-3.46%
2018年8月14日,10.66,10.57,10.69,10.26,58.4,-1.39%
2018年11月30日,15.61,15.15,15.74,14.9,57.8,4.55%
2018年6月4日,16.43,17.4,18.16,16.25,56.6,-2.84%
2020年6月12日,35.87,34.98,36.01,34.29,55.9,5.81%
2020年1月14日,22.87,22,23.02,21.98,55.7,4.00%
2020年4月8日,26.2,25.84,26.5,24.4,55.3,-1.09%
2020年3月3日,26.24,27.42,27.57,25.85,55,-3.64%
2019年6月3日,13.48,13.51,13.79,13.23,55,-0.15%
2018年8月21日,11.85,11.55,12.43,11.5,54.9,4.87%
2019年3月27日,17.71,17.71,17.98,17.5,54.4,0.06%
2018年11月2日,14.43,14.96,15.18,14.16,54.4,1.69%
2020年6月29日,45.5,44.25,46.17,43.6,53.9,2.20%
2020年5月22日,33.04,32.4,33.39,31.55,53.9,-2.62%
2020年3月23日,20.26,20,20.56,19.45,53.9,0.35%
2020年4月27日,27.71,28.33,28.34,27.59,53.7,-0.11%
2020年2月5日,23.26,24.1,24.17,22.76,53.7,-1.36%
2019年6月4日,14.11,13.45,14.28,13.27,53.6,4.67%
2018年12月3日,15.42,16.29,16.74,15.32,53.5,-1.22%
2020年5月14日,31.03,30.25,31.11,28.7,53.4,1.14%
2018年11月28日,16.14,15.2,16.17,15.03,53.4,7.82%
2018年9月5日,11.39,12.25,12.31,11.35,53.2,-8.88%
2018年8月20日,11.3,11.25,11.44,10.5,53.2,5.61%
2019年6月11日,14.92,15.51,15.63,14.54,53.1,-0.93%
2019年4月17日,16.93,17.26,17.3,16.71,53,-0.99%
2020年3月31日,23.42,22.91,24.75,22.51,52.3,2.00%
2019年2月20日,18.31,18.03,18.75,18.02,52.3,2.87%
2019年5月21日,14.77,14.87,15.04,14.64,52.2,1.30%
2019年3月20日,17.75,18.62,18.65,17.72,52.1,-4.83%
2019年4月8日,17.91,17.94,18.14,17.69,52,-0.61%
2018年8月16日,10.56,10.51,10.94,10.5,52,2.82%
2020年7月20日,42.38,42.15,42.58,40.81,51.5,1.15%
2020年2月14日,28.69,28.28,28.95,27.83,51.5,3.35%
2020年6月8日,34.96,34.7,35.68,34.4,51.4,1.33%
2019年1月31日,18.41,18.28,18.46,17.96,51,3.66%
2020年6月24日,44.03,44.76,44.89,42.57,50.7,-1.37%
2020年4月13日,26.21,27.03,27.12,25.81,50.7,-2.31%
2018年9月21日,12.43,13.45,13.67,12.36,50.7,-7.51%
2020年5月4日,26.53,26.36,27.1,26.05,50.5,5.53%
2019年1月3日,12.95,14.19,14.2,12.85,50.4,-9.31%
2020年6月23日,44.64,43.39,45.3,43.38,50.2,4.08%
2020年5月15日,30.88,30.38,31.6,30.36,50.2,-0.48%
2018年11月19日,13.03,14.4,14.42,13.02,50.2,-10.14%
2019年6月7日,14.8,14.15,15.1,14.1,50,4.45%
2020年2月20日,27.94,27.98,28.41,27,49.6,0.79%
2018年9月26日,12.87,12.49,13.42,12.45,49.2,2.55%
2018年7月23日,14.18,14.41,14.7,13.64,49.2,-1.60%
2018年12月4日,14.33,15.52,15.7,14.11,49.1,-7.07%
2020年4月17日,29,29.3,29.7,28.37,48.9,0.76%
2020年4月2日,24.42,23.98,24.58,23.24,48.8,1.50%
2019年11月1日,16.46,15.98,16.5,15.9,48.7,4.24%
2019年5月23日,14.32,14.2,14.47,13.83,48.5,-2.52%
2019年8月6日,13.95,14.26,14.54,13.88,48.4,1.01%
2018年12月6日,14.68,14.03,14.73,13.9,48.4,2.44%
2019年5月6日,17.4,17.35,17.57,17.03,48.3,-4.34%
2020年3月16日,22.16,21.11,23.16,20,48.2,-5.18%
2020年3月11日,25.67,25.45,26.71,25.16,48.1,-1.27%
2019年5月15日,15.53,15.46,15.69,15.19,48,0.91%
2019年1月8日,14.78,14.52,15.1,14.4,48,3.57%
2019年3月21日,17.71,17.77,18.06,17.55,47.3,-0.23%
2020年4月21日,28.57,29.22,29.94,27.92,47.1,-3.74%
2020年6月3日,34.15,34.4,34.4,33.32,47,-0.12%
2020年6月10日,35.48,34.08,35.78,33.95,46.9,4.75%
2019年5月13日,16.21,16.51,16.65,16.03,46.7,-5.20%
2019年3月11日,18.6,18.12,18.62,17.97,46.4,3.68%
2018年8月23日,10.53,11.21,11.35,10.43,46.1,-4.36%
2019年7月1日,16.48,16.55,16.82,16.26,46,1.29%
2018年12月24日,13.71,13.04,13.83,12.66,45.8,3.08%
2018年10月5日,13.35,13.37,13.88,12.9,45.7,-1.48%
2019年9月4日,13.77,14.32,14.32,13.7,45.6,-2.75%
2019年5月20日,14.58,15,15.1,14.43,45.3,-5.02%
2019年3月5日,19.14,18.66,19.32,18.27,45.3,1.70%
2019年4月16日,17.1,17.49,17.55,17,45.2,-0.47%
2020年7月10日,47.55,47.91,48.19,46.13,45.1,-1.41%
2019年2月26日,19.73,19.67,19.98,19.05,45.1,-2.62%
2020年1月27日,22.3,20.85,22.47,20.61,44.9,2.20%
2019年1月22日,15.93,16.16,16.19,15.75,44.9,-4.67%
2018年8月22日,11.01,11.75,11.82,10.96,44.9,-7.09%
2020年1月30日,21.26,22.08,22.24,20.78,44.8,-5.00%
2018年11月6日,14.91,14.36,15.48,14.35,44.8,3.83%
2019年6月18日,15.16,14.59,15.5,14.5,44.7,5.57%
2019年9月11日,15.21,14.98,15.28,14.8,44.3,2.29%
2020年6月1日,33.06,32.35,33.32,32.35,44.2,1.94%
2020年1月22日,22.53,22.8,23.06,22.52,44.2,-0.35%
2018年5月17日,13.55,13.83,14.87,13.03,44.1,-3.97%
2019年1月24日,16.89,16.09,17.18,16,43.8,5.89%
2020年7月2日,48.18,48.42,49.19,47.81,43.6,2.18%
2019年11月20日,16.29,15.5,16.63,15.42,43.5,3.56%
2020年3月4日,27.55,26.77,27.57,26.72,43.4,4.99%
2019年7月23日,15.71,15.78,16.18,15.7,43.3,0.96%
2019年1月16日,16.03,15.77,16.15,15.56,43.2,3.35%
2019年8月7日,14.04,14.16,14.39,13.67,43,0.65%
2019年3月6日,18.66,19,19.13,18.52,43,-2.51%
2020年7月15日,43.22,44.56,44.62,42.68,42.9,-1.73%
2020年4月16日,28.78,28.38,29.42,28.05,42.9,2.42%
2018年6月1日,16.91,16.51,17.2,15.87,42.9,4.19%
2019年8月28日,13.53,13.81,13.86,13.36,42.6,-2.80%
2019年8月13日,14.01,13.88,14.07,13.73,42.6,1.23%
2019年4月23日,17.73,17.62,17.99,17.61,42.5,0.06%
2019年3月22日,17.21,17.6,17.69,17.2,42.5,-2.82%
2019年8月23日,14.7,14.58,15.34,14.58,42.2,0.00%
2020年4月28日,26.96,28.08,28.1,26.61,42.1,-2.71%
2018年6月5日,16.71,16.48,16.74,15.6,41.9,1.70%
2020年6月4日,33.56,33.99,34.48,33.29,41.8,-1.73%
2018年9月28日,13.48,12.9,13.69,12.89,41.7,3.53%
2018年5月29日,15.03,14.3,15.19,14.22,41.5,5.55%
2018年10月12日,13.71,13.37,13.85,13.28,41.4,8.04%
2020年2月4日,23.58,23.78,23.98,23.26,41.2,2.34%
2018年10月2日,13.31,13.4,13.7,12.84,41.1,-4.59%
2019年1月28日,17.98,17.14,18.16,16.8,41,3.10%
2018年12月14日,15.22,14.8,15.43,14.3,41,1.81%
2019年10月24日,15.26,14.5,15.51,14.5,40.9,5.83%
2019年5月17日,15.35,15.53,15.7,15.25,40.8,-2.91%
2020年1月31日,21.55,21.28,21.7,21.13,40.6,1.36%
2018年10月16日,13.46,14,14.29,13.26,40.6,-3.51%
2020年4月20日,29.68,28.69,30.3,28.44,40.5,2.34%
2020年1月24日,21.82,22.87,23.08,21.59,40.5,-3.07%
2020年1月15日,23.03,22.93,23.27,22.76,40.5,0.70%
2019年2月7日,17.18,17.99,18.06,16.99,40.5,-5.66%
2019年1月11日,15.36,16.02,16.09,15.29,40.5,-5.54%
2020年6月11日,33.9,34.11,35.13,33.59,40.4,-4.45%
2020年3月10日,26,26.21,26.6,25.11,40.3,3.50%
2020年3月30日,22.96,22.4,23.25,22.15,40,3.84%
2019年11月18日,16.38,17.01,17.01,16.27,40,-1.97%
2018年8月24日,10.91,10.58,10.99,10.41,39.9,3.61%
2019年9月10日,14.87,14.27,14.9,14.16,39.8,3.70%
2018年9月18日,13.76,13.4,14.07,13.13,39.6,4.01%
2019年3月7日,17.8,18.4,18.6,17.67,39.5,-4.61%
2019年5月10日,17.1,17.17,17.5,16.58,39.3,-0.23%
2019年2月12日,17.86,17.51,18.21,17.51,39.1,3.30%
2018年9月14日,13.52,13.29,13.66,12.91,39,1.27%
2019年1月17日,16.53,15.9,16.82,15.75,38.9,3.12%
2020年5月7日,28.65,28.5,28.76,27.89,38.8,2.39%
2020年1月23日,22.51,22,22.66,21.75,38.7,-0.09%
2019年3月28日,18.1,17.75,18.2,17.67,38.4,2.20%
2018年10月10日,12.42,13.26,13.26,12.1,38.4,-5.69%
2019年11月21日,16.92,16.34,17.09,16.3,38.3,3.87%
2019年3月13日,18.2,18.9,19.1,18.18,38.3,-3.70%
2020年4月6日,25.56,24.91,25.58,24.72,38.1,6.01%
2018年8月31日,12.83,12.7,13.4,12.7,38,-2.36%
2020年4月1日,24.06,23.11,24.85,23.11,37.9,2.73%
2018年8月1日,11.33,11.66,11.73,11.16,37.9,-3.25%
2019年1月25日,17.44,17.22,17.5,16.97,37.6,3.26%
2018年9月4日,12.5,12.75,12.86,12.04,37.6,-2.57%
2020年6月26日,44.52,44.86,45.44,43.64,37.5,-0.11%
2020年4月22日,30.2,29.23,30.5,29.2,36.8,5.71%
2020年2月19日,27.72,27.37,27.95,27.37,36.8,2.17%
2019年6月24日,16.07,15.44,16.24,15.28,36.8,4.08%
2019年11月4日,16.78,16.72,16.78,16.3,36.6,1.94%
2018年7月3日,13.8,13.54,14.09,13.12,36.6,3.29%
2020年5月12日,29.24,28.88,30.13,28.63,36.5,1.95%
2019年4月11日,17.47,17.5,17.77,17.38,36.5,-0.91%
2019年1月18日,16.71,16.86,17.09,16.6,36.4,1.09%
2020年5月5日,27.51,27.28,28.01,27.26,36.3,3.69%
2019年5月8日,17.14,17.08,17.39,16.8,36.3,0.29%
2020年6月9日,33.87,34.8,34.99,33.79,36.2,-3.12%
2019年5月28日,14.01,14.37,14.63,13.98,36.2,-0.28%
2019年4月30日,17.8,17.56,17.9,17.45,36.2,0.68%
2018年10月24日,11.99,12.89,12.94,11.87,36.2,-7.56%
2018年5月25日,14.24,13.86,14.44,13.85,36.2,2.82%
2018年12月7日,14.69,14.66,15.4,14.52,36.1,0.07%
2020年5月11日,28.68,28.76,29.19,28.08,36,-1.10%
2018年11月16日,14.5,14.2,14.94,13.96,36,0.21%
2020年7月1日,47.15,46.77,47.44,46.03,35.8,1.79%
2019年6月10日,15.06,14.91,15.31,14.88,35.8,1.76%
2020年3月26日,23.04,23.23,23.82,22.69,35.7,0.74%
2020年5月26日,33.13,34,34.68,33.06,35.6,0.27%
2018年12月26日,13.85,13.78,13.96,13.27,35.6,1.02%
2019年9月12日,15.14,15.3,15.36,14.91,35.5,-0.46%
2019年12月13日,17.9,17.75,18.04,17.67,35.4,0.90%
2018年10月8日,13.63,12.72,13.74,12.65,35.4,2.10%
2019年5月16日,15.81,15.63,15.96,15.5,35.3,1.80%
2018年9月11日,11.84,11.11,11.99,11.11,35.1,4.69%
2019年9月27日,14.33,15.05,15.29,14.05,34.8,-4.59%
2019年3月19日,18.65,18.57,19,18.45,34.8,0.81%
2018年5月21日,12.75,12.94,13.18,12.67,34.8,-0.70%
2019年9月24日,14.6,15.1,15.19,14.45,34.7,-3.31%
2018年10月22日,13.05,13,13.07,12.75,34.5,4.48%
2020年7月17日,41.9,42.25,42.58,41.53,34.4,-1.50%
2019年3月8日,17.94,17.21,18.2,17.15,34.4,0.79%
2018年12月12日,15.29,15.3,15.64,15.17,34.4,1.59%
2018年11月15日,14.47,13.86,14.79,13.79,34.4,6.71%
2019年11月7日,16.95,16.61,16.96,16.6,34.3,3.10%
2019年4月18日,17.45,17,17.54,16.96,34.3,3.07%
2018年8月6日,11.27,11.12,11.74,11.11,34.1,1.90%
2018年9月25日,12.55,12,12.66,11.7,33.9,4.58%
2020年4月30日,27.39,27.54,28.31,27.09,33.7,-1.33%
2019年5月29日,13.78,13.88,14.02,13.65,33.4,-1.64%
2020年4月3日,24.11,24.31,24.7,23.61,33.3,-1.27%
2018年9月17日,13.23,13.29,13.5,12.78,33.3,-2.14%
2020年3月27日,22.11,22.13,22.75,22.05,33.2,-4.04%
2019年9月6日,14.46,14.7,14.89,14.36,33.1,-0.89%
2019年2月19日,17.8,17.81,18.22,17.77,33.1,0.34%
2019年3月12日,18.9,18.71,19.26,18.63,33,1.61%
2020年5月8日,29,28.82,29.84,28.62,32.8,1.22%
2019年5月3日,18.19,17.9,18.31,17.75,32.5,2.65%
2018年12月19日,14.55,14.8,15.17,14.5,32.4,-1.15%
2018年11月12日,12.9,13.51,13.71,12.78,32.4,-3.73%
2018年7月31日,11.71,11.5,12.25,11.35,32.4,1.04%
2018年10月1日,13.95,13.7,14.09,13.57,32.3,3.49%
2019年11月12日,16.68,16.79,16.88,16.48,32.2,-0.54%
2019年7月31日,15.15,15.5,15.5,14.9,32.1,-2.19%
2018年10月11日,12.69,12.03,12.9,12.02,31.9,2.17%
2018年10月15日,13.95,13.28,14.18,13.26,31.6,1.75%
2018年12月10日,14.71,14.59,15.09,14.59,31.5,0.14%
2018年10月18日,12.61,12.91,13.1,12.49,31.5,-4.83%
2018年5月11日,11.46,11.06,12.19,11.06,31.5,4.18%
2020年1月28日,22.41,22.61,22.78,21.99,31.4,0.49%
2019年8月19日,14.5,14.85,15.01,14.4,31.4,-0.14%
2019年1月15日,15.51,15.33,15.8,15.23,31.4,2.99%
2019年6月20日,15.58,15.57,15.93,15.48,31.3,2.57%
2019年12月3日,16.68,16.9,17.1,16.47,31.2,-4.19%
2020年4月15日,28.1,27,28.45,26.82,31.1,2.26%
2018年12月17日,14.28,14.93,14.94,14.22,31.1,-6.18%
2018年5月16日,14.11,12.24,14.35,12.16,31.1,16.04%
2019年12月2日,17.41,17.2,17.5,17.05,31,0.75%
2018年11月27日,14.97,14.7,15.19,14.5,31,0.20%
2019年12月30日,18.45,18.2,18.59,18.13,30.9,1.15%
2019年6月13日,14.48,14.62,14.8,14.25,30.9,-1.43%
2019年2月1日,17.83,18.3,18.61,17.75,30.8,-3.15%
2019年1月23日,15.95,16.19,16.37,15.84,30.8,0.13%
2019年12月17日,17.85,18.06,18.06,17.63,30.7,-0.61%
2020年1月16日,22.97,23.58,23.6,22.76,30.5,-0.26%
2018年12月18日,14.72,14.48,14.8,14.3,30.5,3.08%
2019年5月7日,17.09,17.27,17.6,16.97,30.4,-1.78%
2019年2月21日,18.14,18.46,18.68,17.93,30.2,-0.93%
2019年4月25日,17.49,17.54,17.65,17.03,29.9,-1.58%
2019年12月31日,18.62,18.55,19.17,18.48,29.8,0.92%
2019年11月8日,16.58,16.91,16.93,16.41,29.8,-2.18%
2019年1月4日,13.7,13.45,13.89,13.4,29.7,5.79%
2018年9月7日,11.71,11.26,11.88,11,29.7,2.72%
2019年12月9日,16.99,17.08,17.39,16.93,29.5,-1.05%
2019年10月17日,14.35,14.63,14.69,14.3,29.5,-1.44%
2019年8月22日,14.7,14.56,14.74,14.35,29.5,2.01%
2019年7月2日,16.61,16.42,16.7,16.25,29.5,0.79%
2018年8月17日,10.7,10.55,10.87,9.94,29.2,1.33%
2018年12月31日,14.59,14.57,15,14.4,29.1,1.53%
2019年4月10日,17.63,17.99,17.99,17.42,29,-1.18%
2018年8月3日,11.06,11.51,11.6,11,29,-3.91%
2019年5月31日,13.5,13.63,13.72,13.3,28.9,-2.81%
2018年11月26日,14.94,15.15,15.36,14.64,28.9,-0.27%
2019年2月6日,18.21,18.19,18.48,18.07,28.7,0.00%
2019年12月5日,16.95,16.54,17.2,16.45,28.6,3.23%
2019年6月25日,15.64,15.88,16.14,15.47,28.4,-2.68%
2020年5月6日,27.98,28.03,28.57,27.91,28.2,1.71%
2019年11月22日,16.59,16.93,16.98,16.56,28.2,-1.95%
2019年9月20日,15.26,15.09,15.48,15.03,28.2,1.06%
2019年7月17日,15.58,16.1,16.1,15.36,28.2,-3.05%
2019年1月30日,17.76,18.19,18.3,17.68,28.1,-0.45%
2018年11月23日,14.98,14.53,15.06,14.2,28,-1.06%
2018年8月7日,11.4,11.38,11.67,11.3,28,1.15%
2019年4月22日,17.72,17,17.75,17,27.9,1.55%
2018年10月25日,12.57,12.24,12.63,12.21,27.8,4.84%
2018年4月2日,11,11.05,11.5,10.91,27.7,0.00%
2019年10月11日,14.37,14.56,14.8,14.32,27.6,2.57%
2019年9月3日,14.16,13.81,14.44,13.81,27.6,0.78%
2018年12月28日,14.37,14.04,14.42,13.81,27.6,2.06%
2018年9月19日,13.22,13.69,14,13.2,27.6,-3.92%
2020年4月29日,27.76,27.55,27.96,27.21,27.5,2.97%
2019年9月25日,14.89,14.52,14.95,14.41,27.4,1.99%
2019年8月29日,13.7,13.75,14.02,13.58,27.4,1.26%
2019年6月27日,16.1,16.07,16.25,15.94,27.4,0.81%
2018年6月6日,16.57,16.94,16.96,16.14,27.3,-0.84%
2019年12月18日,17.69,17.86,17.86,17.47,26.9,-0.90%
2019年3月26日,17.7,17.65,17.9,17.61,26.9,0.63%
2018年11月9日,13.4,14.06,14.06,13.32,26.9,-7.52%
2018年8月10日,11.14,11.25,11.37,11.02,26.9,-0.98%
2019年6月21日,15.44,15.34,15.57,15.1,26.8,-0.90%
2019年10月8日,13.44,13.57,13.6,13.23,26.5,-1.47%
2019年6月6日,14.17,13.9,14.34,13.73,26.5,1.29%
2018年4月9日,11.1,11,11.69,10.96,26.5,1.46%
2019年4月29日,17.68,17.72,17.85,17.41,26.4,-0.56%
2018年12月13日,14.95,15.44,15.57,14.91,26.3,-2.22%
2020年6月25日,44.57,43.53,44.61,43.49,26.2,1.23%
2019年7月22日,15.56,15.78,16.24,15.41,25.9,0.13%
2019年7月30日,15.49,15.9,16.03,15.37,25.8,-3.97%
2019年6月14日,14.27,14.33,14.45,14.01,25.8,-1.45%
2018年10月26日,13.17,12.25,13.26,12.15,25.8,4.77%
2019年11月15日,16.71,16.41,16.72,16.26,25.7,2.33%
2019年8月1日,14.75,15.25,15.49,14.6,25.6,-2.64%
2019年10月30日,15.71,15.51,15.75,15.43,25.5,0.90%
2019年5月1日,17.83,17.9,18.08,17.8,25.4,0.17%
2018年9月10日,11.31,11.73,11.94,11.31,25.3,-3.42%
2019年8月16日,14.52,14.29,14.78,14.28,25.1,3.64%
2018年4月3日,10.91,11.5,11.5,10.79,25.1,-0.82%
2019年2月13日,18.2,18.11,18.5,17.96,25,1.90%
2019年8月8日,14.19,14.19,14.36,13.94,24.8,1.07%
2019年5月22日,14.69,14.73,14.99,14.45,24.8,-0.54%
2018年10月30日,13.1,12.58,13.4,12.31,24.8,5.05%
2018年5月18日,12.84,13.5,13.5,12.8,24.7,-5.24%
2019年5月2日,17.72,17.8,18.15,17.52,24.6,-0.62%
2018年10月9日,13.17,13.31,13.54,13,24.6,-3.37%
2019年5月24日,14.05,14.49,14.57,13.99,24.5,-1.89%
2019年4月9日,17.84,17.92,17.96,17.77,24.4,-0.39%
2019年2月4日,17.7,17.89,18.05,17.47,24.2,-0.73%
2018年9月6日,11.4,11.59,11.66,11.11,24.2,0.09%
2018年11月13日,13.77,13.33,13.93,13.1,24,6.74%
2019年10月7日,13.64,13.88,13.95,13.57,23.9,-2.01%
2019年1月14日,15.06,15.2,15.37,14.71,23.9,-1.95%
2019年11月27日,17,16.89,17.3,16.81,23.7,1.19%
2019年2月11日,17.29,17.82,17.95,17.15,23.7,-0.97%
2019年1月7日,14.27,13.94,14.37,13.74,23.6,4.16%
2018年5月22日,13.14,13,13.26,12.61,23.6,3.06%
2019年10月28日,15.72,15.56,15.91,15.5,23.5,1.29%
2019年3月18日,18.5,18.91,18.95,18.37,23,-1.12%
2019年9月16日,15,14.9,15.2,14.87,22.9,-0.40%
2019年4月24日,17.77,17.66,17.89,17.19,22.9,0.23%
2018年9月27日,13.02,12.87,13.1,12.73,22.8,1.17%
2019年12月19日,18.04,17.79,18.09,17.61,22.7,1.98%
2019年8月30日,14.05,13.75,14.25,13.75,22.7,2.55%
2018年8月13日,10.81,11.19,11.27,10.7,22.7,-2.96%
2019年4月26日,17.78,17.47,17.81,17.28,22.5,1.66%
2019年10月31日,15.79,15.69,15.87,15.63,22.3,0.51%
2018年9月20日,13.44,13.49,13.69,12.97,22.1,1.66%
2018年4月10日,11.5,11.45,11.59,11.25,22,3.60%
2019年3月15日,18.71,18.59,18.83,18.5,21.8,1.14%
2018年12月27日,14.08,13.41,14.2,13.33,21.8,1.66%
2018年11月8日,14.49,15.06,15.08,14.35,21.5,-4.36%
2019年8月2日,14.72,14.7,14.79,14.21,21.4,-0.20%
2020年1月29日,22.38,22.59,22.61,22.04,21.3,-0.13%
2018年10月17日,13.25,13.67,13.72,12.91,21.3,-1.56%
2019年8月9日,13.91,14.09,14.11,13.86,21.2,-1.97%
2019年10月1日,13.8,14.14,14.2,13.74,21,-2.27%
2019年12月10日,16.96,17.11,17.19,16.9,20.8,-0.18%
2018年4月12日,11.62,11.53,11.76,11.35,20.8,1.22%
2019年7月25日,15.7,15.87,15.99,15.5,20.6,-0.63%
2019年2月5日,18.21,17.76,18.43,17.66,20.6,2.88%
2018年10月29日,12.47,13.45,13.55,12.26,20.4,-5.32%
2019年11月25日,16.81,16.5,16.94,16.36,20.3,1.33%
2019年7月19日,15.54,15.66,15.8,15.43,20.3,0.06%
2018年12月11日,15.05,15.02,15.33,14.81,20.3,2.31%
2019年11月11日,16.77,16.35,16.89,16.3,20.2,1.15%
2019年8月14日,13.81,13.7,13.96,13.55,20.1,-1.43%
2019年7月10日,16.59,16.7,16.83,16.48,20.1,-0.06%
2018年11月7日,15.15,15.39,15.44,14.81,20.1,1.61%
2019年12月20日,17.94,18.09,18.5,17.91,20,-0.55%
2019年7月18日,15.53,15.5,15.62,15.06,20,-0.32%
2019年12月16日,17.96,18.05,18.08,17.78,19.8,0.34%
2018年6月7日,16.22,16.56,16.79,16.05,19.8,-2.11%
2019年11月5日,16.42,16.78,16.78,16.38,19.7,-2.15%
2018年5月14日,12.07,11.55,12.2,11.5,19.5,5.32%
2019年11月13日,16.77,16.58,17,16.58,19.3,0.54%
2019年10月2日,13.8,13.69,13.93,13.61,19.2,0.00%
2018年10月19日,12.49,12.94,13.07,12.37,19.2,-0.95%
2019年9月18日,15.21,15.24,15.35,14.96,19.1,-0.20%
2019年7月24日,15.8,15.84,15.95,15.72,19.1,0.57%
2019年6月26日,15.97,15.9,16.23,15.9,19.1,2.11%
2019年3月25日,17.59,17.11,17.81,17.05,19,2.21%
2019年1月2日,14.28,14,14.63,13.98,19,-2.12%
2019年12月23日,18.42,18,18.5,17.96,18.6,2.68%
2019年6月28日,16.27,15.89,16.28,15.82,18.5,1.06%
2018年10月23日,12.97,12.67,13.17,12.57,18.4,-0.61%
2018年8月9日,11.25,11.4,11.58,11.22,18.4,-1.23%
2019年9月26日,15.02,14.94,15.13,14.81,18.2,0.87%
2019年12月4日,16.42,16.8,16.89,16.35,18.1,-1.56%
2018年8月8日,11.39,11.49,11.68,11.24,18.1,-0.09%
2019年9月19日,15.1,15.24,15.43,15.1,17.9,-0.72%
2019年12月27日,18.24,18.31,18.4,18.1,17.5,-0.55%
2019年12月12日,17.74,17.48,17.83,17.4,17.5,1.14%
2019年10月25日,15.52,15.1,15.61,15.1,17.5,1.70%
2019年7月26日,15.96,15.76,16.2,15.75,17.5,1.66%
2019年9月17日,15.24,14.91,15.3,14.83,17.2,1.60%
2018年11月14日,13.56,13.87,14.14,13.54,17.1,-1.53%
2018年11月5日,14.36,14.4,14.78,14.25,17.1,-0.49%
2019年8月20日,14.31,14.42,14.58,14.21,17,-1.31%
2019年2月8日,17.46,16.99,17.65,16.43,17,1.63%
2019年12月6日,17.17,17.06,17.24,17.02,16.9,1.30%
2019年9月13日,15.06,15.2,15.28,14.94,16.9,-0.53%
2019年8月12日,13.84,13.75,14.01,13.7,16.9,-0.50%
2019年11月14日,16.33,16.8,16.81,16.2,16.6,-2.62%
2018年5月10日,11,10.73,11.68,10.51,16.5,3.29%
2019年3月14日,18.5,18.3,18.6,18.18,16.4,1.65%
2019年9月9日,14.34,14.48,14.52,14.24,16,-0.83%
2019年10月3日,14.22,13.85,14.23,13.64,15.8,3.04%
2019年9月23日,15.1,15.24,15.33,14.97,15.6,-1.05%
2019年12月11日,17.54,17.1,17.61,16.99,15.5,3.42%
2019年7月29日,16.13,16,16.15,15.77,15.4,1.07%
2019年5月30日,13.89,13.93,14.05,13.82,15.3,0.80%
2018年5月15日,12.16,12.07,12.42,11.52,15.3,0.75%
2018年4月25日,10.9,11.19,11.29,10.82,15.3,-3.45%
2018年4月11日,11.48,11.58,11.59,11.03,15,-0.17%
2018年4月4日,10.97,10.75,11.08,10.55,15,0.55%
2019年7月15日,16.45,16.58,16.66,16.41,14.9,0.30%
2019年10月29日,15.57,15.6,15.7,15.43,14.7,-0.95%
2019年6月12日,14.69,14.56,14.78,14.41,14.7,-1.54%
2019年6月17日,14.36,14.2,14.58,14.19,14.6,0.63%
2019年10月10日,14.01,13.81,14.08,13.79,14.5,1.60%
2019年11月6日,16.44,16.42,16.5,16.29,14.4,0.12%
2019年9月30日,14.12,14.47,14.55,14.07,14.4,-1.47%
2019年8月21日,14.41,14.5,14.54,14.32,14.3,0.70%
2019年10月21日,14.86,14.5,14.89,14.47,14,3.12%
2019年7月12日,16.4,16.6,16.75,16.32,14,-0.43%
2019年7月9日,16.6,16.3,16.66,16.18,13.9,0.24%
2019年12月26日,18.34,18.45,18.47,18.24,13.8,-0.54%
2019年10月9日,13.79,13.78,13.82,13.53,13.7,2.60%
2019年10月16日,14.56,14.45,14.56,14.1,13.6,0.34%
2019年10月4日,13.92,14.17,14.25,13.85,13.5,-2.11%
2019年10月18日,14.41,14.3,14.55,14.25,13.4,0.42%
2019年7月16日,16.07,16.5,16.55,16.05,13.3,-2.31%
2019年11月29日,17.28,16.85,17.3,16.44,13.2,1.65%
2018年4月24日,11.29,11.25,11.52,11.21,12.2,0.89%
2019年7月3日,16.63,16.6,16.66,16.3,11.9,0.12%
2019年10月23日,14.42,14.55,14.7,14.34,11.5,-0.96%
2019年7月11日,16.47,16.65,16.7,16.33,11.5,-0.72%
2019年11月26日,16.8,16.84,16.99,16.62,11.4,-0.06%
2018年4月30日,10.92,10.7,11.08,10.1,10.9,2.92%
2019年7月8日,16.56,16.5,16.61,16.4,10.8,-1.08%
2018年5月9日,10.65,10.41,10.73,10.28,10.4,3.70%
2019年8月15日,14.01,13.92,14.13,13.9,10.3,1.45%
